date,benchmark,model_name,rank,score,source
2023-07-01,MMLU-Pro,Llama-2-70B,1,37.53,manual_huggingface
2023-07-01,MMLU-Pro,Llama-2-13B,2,25.34,manual_huggingface
2023-07-01,MMLU-Pro,Llama-2-7B,3,20.32,manual_huggingface
2023-09-01,MMLU-Pro,Mistral-7B-v0.1,1,30.880000000000003,manual_huggingface
2023-09-01,MMLU-Pro,Mistral-7B-Instruct-v0.1,2,25.75,manual_huggingface
2023-10-01,MMLU-Pro,Zephyr-7B-Beta,1,32.97,manual_huggingface
2023-10-01,MMLU-Pro,Llemma-7B,2,23.45,manual_huggingface
2023-11-01,MMLU-Pro,OpenChat-3.5-8B,1,37.24,manual_huggingface
2023-11-01,MMLU-Pro,Yi-6B-Chat,2,28.84,manual_huggingface
2023-11-01,MMLU-Pro,Yi-6B,3,26.51,manual_huggingface
2023-12-01,MMLU-Pro,Mistral-7B-Instruct-v0.2,1,30.84,manual_huggingface
2023-12-01,MMLU-Pro,Mistral-7B-v0.2,2,30.43,manual_huggingface
2023-12-01,MMLU-Pro,Neo-7B-Instruct,3,28.74,manual_huggingface
2023-12-01,MMLU-Pro,Neo-7B,4,25.85,manual_huggingface
2024-01-01,MMLU-Pro,Staring-7B,1,37.9,manual_huggingface
2024-01-01,MMLU-Pro,InternMath-20B-Plus,2,37.1,manual_huggingface
2024-01-01,MMLU-Pro,LLaDA,3,37.0,manual_huggingface
2024-01-01,MMLU-Pro,InternMath-7B-Plus,4,33.5,manual_huggingface
2024-02-01,MMLU-Pro,MAmmoTH2-7B-Plus,1,40.849999999999994,manual_huggingface
2024-02-01,MMLU-Pro,Qwen1.5-14B-Chat,2,38.019999999999996,manual_huggingface
2024-02-01,MMLU-Pro,Llama3-Smaug-8B,3,36.93,manual_huggingface
2024-02-01,MMLU-Pro,DeepseekMath-7B-Instruct,4,35.3,manual_huggingface
2024-02-01,MMLU-Pro,Gemma-7B,5,33.73,manual_huggingface
2024-02-01,MMLU-Pro,Qwen1.5-7B-Chat,6,29.060000000000002,manual_huggingface
2024-02-01,MMLU-Pro,Gemma-2B,7,15.85,manual_huggingface
2024-03-01,MMLU-Pro,Claude-3-Haiku-20240307,1,42.29,manual_huggingface
2024-03-01,MMLU-Pro,c4ai-command-r-v01,2,37.9,manual_huggingface
2024-04-01,MMLU-Pro,Phi3-mini-4k,1,45.660000000000004,manual_huggingface
2024-04-01,MMLU-Pro,Phi3-mini-128k,2,43.86,manual_huggingface
2024-04-01,MMLU-Pro,Llama-3-8B-Instruct,3,40.98,manual_huggingface
2024-04-01,MMLU-Pro,WizardLM-2-8x22B,4,39.24,manual_huggingface
2024-04-01,MMLU-Pro,Llama-3-8B,5,35.36,manual_huggingface
2024-05-01,MMLU-Pro,Yi-1.5-6B-Chat,1,38.23,manual_huggingface
2024-06-01,MMLU-Pro,Qwen2-7B,1,40.73,manual_huggingface
2024-06-01,MMLU-Pro,DeepSeek-Coder-V2-Lite-Base,2,34.37,manual_huggingface
2024-06-01,MMLU-Pro,Qwen2-1.5B-Instruct,3,22.62,manual_huggingface
2024-06-01,MMLU-Pro,Qwen2-1.5B,4,22.56,manual_huggingface
2024-06-01,MMLU-Pro,Qwen2-0.5B-Instruct,5,15.93,manual_huggingface
2024-06-01,MMLU-Pro,Gemma-2-2B-it,6,15.6,manual_huggingface
2024-06-01,MMLU-Pro,Qwen2-0.5B,7,14.97,manual_huggingface
2024-07-01,MMLU-Pro,Mistral-Nemo-Base-2407,1,39.77,manual_huggingface
2024-07-01,MMLU-Pro,Llama-3.1-8B,2,36.6,manual_huggingface
2024-07-01,MMLU-Pro,SmolLM-1.7B,3,11.93,manual_huggingface
2024-07-01,MMLU-Pro,SmolLM-135M,4,11.219999999999999,manual_huggingface
2024-07-01,MMLU-Pro,SmolLM-360M,5,10.95,manual_huggingface
2024-08-01,MMLU-Pro,Phi-3.5-mini-instruct,1,47.870000000000005,manual_huggingface
2024-08-01,MMLU-Pro,EXAONE-3.5-2.4B-Instruct,2,39.1,manual_huggingface
2024-08-01,MMLU-Pro,Aya-Expanse-8B,3,33.739999999999995,manual_huggingface
2024-09-01,MMLU-Pro,Qwen2.5-3B,1,43.730000000000004,manual_huggingface
2024-09-01,MMLU-Pro,Qwen2.5-1.5B,2,32.1,manual_huggingface
2024-09-01,MMLU-Pro,Granite-3.0-8B-Base,3,31.03,manual_huggingface
2024-09-01,MMLU-Pro,Llama-3.2-3B,4,22.17,manual_huggingface
2024-09-01,MMLU-Pro,Granite-3.0-2B-Base,5,21.72,manual_huggingface
2024-09-01,MMLU-Pro,Qwen2.5-0.5B,6,14.92,manual_huggingface
2024-09-01,MMLU-Pro,Llama-3.2-1B,7,11.95,manual_huggingface
2024-10-01,MMLU-Pro,Ministral-8B-Instruct-2410,1,37.93,manual_huggingface
2024-10-01,MMLU-Pro,Granite-3.1-8B-Base,2,33.08,manual_huggingface
2024-10-01,MMLU-Pro,Granite-3.1-2B-Instruct,3,31.97,manual_huggingface
2024-10-01,MMLU-Pro,Granite-3.1-3B-A800M-Instruct,4,25.419999999999998,manual_huggingface
2024-10-01,MMLU-Pro,Granite-3.1-2B-Base,5,23.89,manual_huggingface
2024-10-01,MMLU-Pro,Granite-3.1-3B-A800M-Base,6,20.39,manual_huggingface
2024-10-01,MMLU-Pro,SmolLM2-1.7B,7,18.310000000000002,manual_huggingface
2024-10-01,MMLU-Pro,Granite-3.1-1B-A400M-Instruct,8,13.270000000000001,manual_huggingface
2024-10-01,MMLU-Pro,Granite-3.1-1B-A400M-Base,9,12.34,manual_huggingface
2024-10-01,MMLU-Pro,SmolLM2-360M,10,11.379999999999999,manual_huggingface
2024-12-01,MMLU-Pro,Phi-4-mini,1,52.800000000000004,manual_huggingface
2024-12-01,MMLU-Pro,Gemma-3-4B-it,2,43.6,manual_huggingface
2024-12-01,MMLU-Pro,Gemma-3-1B-it,3,14.7,manual_huggingface
